[
  {
    "id": "6f2b0dc1-4b2c-45f3-805c-88cdb1633401",
    "data": [
      {
        "text": "IT",
        "meta": "@clg",
        "alias": "clg",
        "userDefined": true
      }
    ],
    "isTemplate": false,
    "count": 0,
    "lang": "en",
    "updated": 0
  },
  {
    "id": "8d0ffdb0-3656-4d6c-9b91-7ddb5943d8e1",
    "data": [
      {
        "text": "3",
        "meta": "@clg",
        "alias": "clg",
        "userDefined": true
      }
    ],
    "isTemplate": false,
    "count": 0,
    "lang": "en",
    "updated": 0
  },
  {
    "id": "8dbac93f-00e7-4d15-8d30-1fa562e0f863",
    "data": [
      {
        "text": "address ",
        "userDefined": false
      },
      {
        "text": "nehrunagar7th lane",
        "meta": "@sys.address",
        "alias": "address",
        "userDefined": true
      }
    ],
    "isTemplate": false,
    "count": 0,
    "lang": "en",
    "updated": 0
  },
  {
    "id": "6b163010-d32d-46f4-9566-b055ec63954b",
    "data": [
      {
        "text": "can  you please enter your phone number ",
        "userDefined": false
      },
      {
        "text": "9618643083",
        "meta": "@sys.phone-number",
        "alias": "phone-number",
        "userDefined": true
      }
    ],
    "isTemplate": false,
    "count": 0,
    "lang": "en",
    "updated": 0
  },
  {
    "id": "621e109f-5638-4df2-aa38-6a33e49d788b",
    "data": [
      {
        "text": "can you please enter your mail id ",
        "userDefined": false
      },
      {
        "text": "prasannaharigopal@gmail.com",
        "meta": "@sys.email",
        "alias": "email",
        "userDefined": true
      }
    ],
    "isTemplate": false,
    "count": 0,
    "lang": "en",
    "updated": 0
  }
]